{
  "strategy": "rsi_mean_reversion",
  "total_orders": 1416,
  "total_trades": 32,
  "avg_latency_us": 0.200322,
  "max_latency_us": 7.743,
  "simulated_pnl": -18290.3,
  "win_rate": 0.46875,
  "max_drawdown": 28644.6,
  "sharpe_ratio": -3.59769,
  "pnl_history": [0, 0, 0, 0, 0, 0, 0, 0, 0, 0, 0, 0, 0, 0, 0, 0, 0, 0, 0, 0, 0, 0, 0, 0, 0, 0, 0, 0, 0, 0, 0, 0, 0, 0, 0, 0, 0, 0, 0, 0, 0, 0, 0, 0, 0, 0, 0, 0, 0, 0, 0, 0, 0, 0, 0, 0, 0, 0, 0, -1657.15, -1657.15, -1657.15, -1657.15, -1657.15, -1657.15, -1657.15, -1657.15, -1657.15, -1657.15, -1657.15, -1657.15, -1657.15, -1657.15, -1657.15, -1657.15, -1657.15, -1657.15, -1657.15, -1657.15, -1657.15, -1657.15, -1657.15, -1657.15, -1657.15, -1657.15, -1657.15, -1657.15, -1657.15, -1657.15, -1657.15, -1657.15, -1657.15, -1657.15, -1657.15, -1657.15, -1657.15, -1657.15, -1657.15, -1657.15, -1657.15, -1657.15, -1657.15, -1657.15, -1657.15, -1657.15, -1657.15, -1657.15, -1657.15, -1657.15, -1657.15, -1657.15, -1657.15, -1657.15, -1657.15, -1657.15, -1657.15, -1657.15, -1657.15, -1657.15, -1657.15, -1657.15, -1657.15, -1657.15, -1657.15, -1657.15, -1657.15, -1657.15, -3759.16, -3759.16, -3759.16, -3759.16, -3759.16, -2496.21, -2496.21, -2496.21, -2496.21, -2496.21, -2496.21, -2496.21, -2496.21, -2496.21, -2496.21, -2496.21, -2496.21, -2496.21, -2496.21, -2496.21, -2496.21, -2496.21, -2496.21, -2496.21, -2496.21, -2496.21, -2496.21, -2496.21, -2496.21, -2496.21, -2496.21, -2496.21, -2496.21, -2496.21, -2496.21, -2496.21, -2496.21, -2496.21, -2496.21, -2496.21, -2496.21, -2496.21, -2496.21, -2496.21, -2496.21, -2496.21, -2496.21, -2496.21, -2496.21, -2496.21, -2496.21, -2496.21, -2496.21, -2496.21, -2496.21, -2496.21, -2496.21, -1519.87, -1519.87, -1519.87, -1519.87, -1519.87, -1519.87, -1519.87, -1519.87, -1519.87, -1519.87, -1519.87, -1519.87, -1519.87, -1519.87, -1519.87, -1519.87, -1519.87, -1519.87, -1519.87, -1519.87, -1519.87, -1519.87, -1519.87, -1519.87, -1519.87, -1519.87, -1519.87, -1519.87, -1519.87, -1519.87, -1519.87, -1519.87, -1519.87, -1519.87, -1519.87, -1519.87, -1519.87, -1519.87, -1519.87, -1519.87, -1519.87, -1519.87, -1519.87, -1519.87, -1519.87, -1519.87, -1519.87, -1519.87, -1519.87, -1519.87, -1519.87, -1519.87, -1519.87, -1519.87, -1519.87, -1519.87, -1519.87, -1519.87, -1519.87, -1519.87, -1519.87, -1519.87, -1519.87, -1519.87, -1519.87, -1519.87, -1519.87, -1519.87, -1519.87, -1519.87, -1519.87, -1519.87, -1519.87, -1519.87, -1519.87, -1519.87, -1519.87, -1519.87, -1519.87, -1519.87, -1519.87, -1519.87, -1519.87, -1519.87, -1519.87, -1519.87, -1519.87, -1519.87, -1519.87, -1519.87, -1519.87, -1519.87, -1519.87, -1519.87, -1519.87, -1519.87, -1519.87, -1519.87, -1519.87, -1519.87, -1519.87, -1519.87, -1519.87, -1519.87, -1519.87, -1519.87, -1519.87, -1519.87, -1519.87, -1519.87, -6140.21, -6140.21, -6140.21, -6140.21, -6140.21, -6140.21, -6140.21, -6140.21, -6140.21, -6140.21, -6140.21, -6140.21, -6140.21, -6140.21, -6140.21, -6140.21, -6140.21, -6140.21, -6140.21, -6140.21, -6140.21, -6140.21, -6140.21, -6140.21, -6140.21, -6140.21, -6140.21, -6310.84, -6310.84, -6310.84, -6310.84, -6310.84, -6102.12, -6102.12, -6102.12, -6102.12, -6102.12, -6102.12, -6102.12, -6102.12, -6102.12, -6102.12, -6102.12, -6102.12, -6102.12, -6102.12, -6102.12, -6102.12, -6102.12, -6102.12, -6102.12, -6102.12, -6102.12, -6102.12, -6102.12, -6102.12, -6102.12, -6102.12, -6102.12, -6102.12, -6102.12, -6102.12, -6102.12, -6102.12, -6102.12, -6102.12, -6102.12, -6102.12, -6102.12, -6102.12, -6102.12, -6102.12, -6102.12, -6102.12, -6102.12, -6102.12, -6102.12, -6102.12, -6102.12, -6102.12, -6102.12, -6102.12, -6102.12, -6102.12, -6102.12, -6102.12, -6102.12, -6102.12, -6102.12, -6102.12, -6102.12, -6102.12, -6102.12, -6102.12, -6102.12, -6102.12, -6102.12, -6102.12, -6102.12, -6102.12, -6102.12, -6102.12, -6102.12, -6102.12, -6102.12, -6102.12, -6102.12, -6102.12, -6102.12, -6102.12, -6102.12, -6102.12, -6102.12, -6102.12, -6102.12, -6102.12, -6102.12, -6102.12, -6102.12, -6102.12, -6102.12, -6102.12, -6102.12, -6102.12, -6102.12, -6102.12, -6102.12, -6102.12, -6102.12, -6102.12, -6102.12, -6102.12, -6102.12, -6102.12, -6102.12, -6102.12, -6102.12, -6102.12, -6102.12, -6102.12, -6102.12, -6102.12, -6102.12, -6102.12, -6102.12, -6102.12, -6102.12, -6102.12, -11080.3, -11080.3, -11080.3, -11080.3, -11080.3, -11080.3, -11080.3, -11080.3, -11080.3, -9930.3, -9930.3, -9930.3, -9930.3, -9930.3, -9930.3, -9930.3, -9930.3, -9930.3, -9930.3, -9930.3, -9930.3, -9930.3, -9930.3, -9930.3, -9930.3, -9930.3, -9930.3, -9930.3, -9930.3, -9930.3, -9930.3, -9930.3, -9930.3, -9930.3, -9930.3, -9930.3, -9930.3, -9930.3, -9930.3, -9930.3, -9930.3, -9930.3, -9930.3, -9930.3, -9930.3, -9930.3, -9930.3, -9930.3, -9930.3, -9930.3, -9930.3, -9930.3, -9930.3, -9930.3, -9930.3, -9930.3, -9930.3, -9930.3, -9930.3, -9930.3, -9930.3, -9930.3, -9930.3, -9930.3, -9930.3, -9930.3, -9930.3, -9930.3, -9930.3, -9930.3, -9930.3, -9930.3, -9930.3, -9930.3, -9930.3, -9930.3, -9930.3, -9930.3, -9930.3, -9930.3, -9930.3, -9930.3, -9930.3, -9930.3, -9930.3, -9930.3, -9930.3, -9930.3, -9930.3, -9930.3, -9930.3, -9930.3, -9930.3, -9930.3, -9930.3, -9930.3, -9930.3, -9930.3, -9930.3, -9930.3, -11074.4, -11074.4, -11074.4, -11074.4, -11074.4, -11074.4, -11074.4, -11074.4, -11074.4, -11074.4, -11074.4, -11074.4, -11074.4, -11074.4, -11074.4, -11074.4, -11074.4, -11074.4, -11074.4, -11074.4, -11074.4, -11074.4, -11074.4, -11074.4, -11074.4, -11074.4, -11074.4, -11074.4, -11074.4, -11074.4, -11074.4, -11074.4, -11074.4, -11074.4, -11074.4, -11074.4, -11074.4, -11074.4, -11074.4, -11074.4, -11074.4, -11074.4, -11074.4, -11074.4, -11074.4, -11074.4, -11074.4, -11074.4, -11074.4, -11074.4, -11074.4, -11074.4, -11074.4, -11074.4, -11074.4, -11074.4, -11074.4, -11074.4, -11074.4, -11074.4, -11074.4, -11074.4, -11074.4, -11074.4, -11019.5, -11019.5, -11019.5, -11019.5, -11019.5, -11019.5, -11019.5, -11019.5, -11019.5, -11019.5, -11019.5, -11019.5, -11019.5, -11019.5, -11019.5, -11019.5, -11019.5, -11019.5, -11019.5, -11019.5, -11019.5, -11019.5, -11019.5, -11019.5, -11019.5, -11019.5, -11019.5, -11019.5, -11019.5, -11019.5, -11019.5, -11019.5, -11019.5, -11019.5, -11019.5, -11019.5, -11019.5, -11019.5, -11019.5, -11019.5, -11019.5, -11019.5, -11019.5, -11019.5, -11019.5, -14670.7, -14670.7, -14670.7, -14670.7, -14670.7, -14670.7, -14670.7, -14670.7, -14670.7, -14670.7, -13516.7, -13516.7, -13516.7, -13516.7, -13516.7, -13516.7, -13516.7, -13516.7, -13516.7, -13516.7, -13516.7, -13516.7, -13516.7, -13516.7, -13516.7, -13516.7, -13516.7, -13516.7, -13516.7, -13516.7, -13516.7, -13516.7, -13516.7, -13516.7, -13516.7, -13516.7, -13516.7, -13516.7, -13516.7, -13516.7, -13516.7, -13516.7, -13516.7, -13516.7, -13516.7, -13516.7, -13516.7, -13516.7, -13516.7, -13516.7, -13516.7, -13516.7, -13516.7, -13516.7, -13516.7, -13516.7, -13516.7, -13516.7, -13516.7, -13516.7, -13516.7, -13516.7, -13516.7, -13516.7, -13516.7, -13516.7, -17504.3, -17504.3, -17504.3, -17504.3, -17504.3, -17504.3, -17504.3, -17504.3, -17504.3, -17504.3, -17504.3, -17504.3, -17504.3, -17504.3, -17504.3, -17504.3, -17504.3, -17504.3, -17504.3, -17504.3, -17504.3, -17504.3, -17504.3, -17504.3, -13325.5, -13325.5, -13325.5, -13325.5, -13325.5, -13325.5, -13325.5, -13325.5, -13325.5, -13325.5, -13325.5, -13325.5, -13325.5, -13325.5, -13325.5, -11607.7, -11607.7, -11607.7, -11607.7, -11607.7, -11607.7, -11607.7, -9074.22, -9074.22, -9074.22, -9074.22, -9074.22, -9074.22, -9074.22, -9074.22, -9074.22, -9074.22, -9074.22, -9074.22, -9074.22, -9074.22, -9074.22, -9074.22, -9074.22, -9074.22, -9074.22, -9074.22, -9074.22, -9074.22, -9074.22, -9074.22, -9074.22, -9074.22, -9074.22, -9074.22, -9074.22, -9074.22, -9074.22, -9074.22, -9074.22, -9074.22, -9074.22, -9074.22, -9074.22, -9074.22, -9074.22, -9074.22, -9074.22, -9074.22, -9074.22, -9074.22, -9074.22, -9074.22, -15774.1, -15774.1, -15774.1, -15774.1, -15774.1, -15774.1, -15774.1, -15774.1, -15774.1, -15774.1, -15774.1, -15774.1, -15774.1, -15774.1, 