{
  "strategy": "macd_signal",
  "total_orders": 1416,
  "total_trades": 15,
  "avg_latency_us": 0.066697,
  "max_latency_us": 3.357,
  "simulated_pnl": 20687,
  "win_rate": 0.4,
  "max_drawdown": 6686.63,
  "sharpe_ratio": 3.99791,
  "pnl_history": [0, 0, 0, 0, 0, 0, 0, 0, 0, 0, 0, 0, 0, 0, 0, 0, 0, 0, 0, 0, 0, 0, 0, 0, 0, 0, 0, 0, 0, 0, 0, 0, 0, 0, 0, 0, 0, 0, 0, 0, 0, 0, 0, 0, 0, 0, 0, 0, 0, 0, 0, -2331.6, -2382.05, -2382.05, -2382.05, -2382.05, -2382.05, -2382.05, -2382.05, -2382.05, -2382.05, -2382.05, -2382.05, -2382.05, -2382.05, -2382.05, -2382.05, -2382.05, -2382.05, -2382.05, -2382.05, -2382.05, -2382.05, -2382.05, -2382.05, -2382.05, -2382.05, -2382.05, -2382.05, -2382.05, -2382.05, -2382.05, -2382.05, -2382.05, -2382.05, -2382.05, -2382.05, -2382.05, -2382.05, -2382.05, -2382.05, -2382.05, -2382.05, -2382.05, -2382.05, -2382.05, -2382.05, -2382.05, -2382.05, -2382.05, -2382.05, -2382.05, -2382.05, -2382.05, -2382.05, -2382.05, -2382.05, -2382.05, -2382.05, -2382.05, -2382.05, -2382.05, -2382.05, -2382.05, -2382.05, -2382.05, -2382.05, -2382.05, -2382.05, -2382.05, -2382.05, -2382.05, -2382.05, -2382.05, -2382.05, -2382.05, -2382.05, -2382.05, -2382.05, -2382.05, -2382.05, -2382.05, -2382.05, -2382.05, -2382.05, -2382.05, -2382.05, -2382.05, -2382.05, -2382.05, -2382.05, -2382.05, -2382.05, -2382.05, -2382.05, -2382.05, -2382.05, -2382.05, -2382.05, -2382.05, -2382.05, -2382.05, -2382.05, -2382.05, -2382.05, -2382.05, -2382.05, -2382.05, -2382.05, -2382.05, -2382.05, -2382.05, -2382.05, -2382.05, -2382.05, -2382.05, -2382.05, -2382.05, -2382.05, -2382.05, -2382.05, -2382.05, -2382.05, -2382.05, -2382.05, -2382.05, -2382.05, -2382.05, -2382.05, -2382.05, -2382.05, -2382.05, -2382.05, -2382.05, -2382.05, -2382.05, -2382.05, -2382.05, -2382.05, -2382.05, -2382.05, 847.56, 862.47, 862.47, 862.47, 862.47, 862.47, 862.47, 862.47, 862.47, 862.47, 862.47, 862.47, 862.47, 862.47, 862.47, 862.47, 862.47, 862.47, 862.47, 862.47, 862.47, 862.47, 862.47, 862.47, 862.47, 862.47, 862.47, 862.47, 862.47, 862.47, 862.47, 862.47, 862.47, 862.47, 862.47, 862.47, 862.47, 862.47, 862.47, 862.47, 862.47, 862.47, 862.47, 862.47, 862.47, 862.47, 862.47, 862.47, 862.47, 862.47, 862.47, 862.47, 862.47, 862.47, 862.47, 862.47, 862.47, 862.47, 862.47, 862.47, 862.47, 862.47, 862.47, 862.47, 862.47, 862.47, 862.47, 862.47, 862.47, 862.47, 862.47, 862.47, 862.47, 862.47, 862.47, 862.47, -5478.73, -5824.16, -5824.16, -5824.16, -5824.16, -5824.16, -5824.16, -5824.16, -5824.16, -5824.16, -5824.16, -5824.16, -5824.16, -5824.16, -5824.16, -5824.16, -5824.16, -5824.16, -5824.16, -5824.16, -5824.16, -5824.16, -5824.16, -5824.16, -5824.16, -5824.16, -5824.16, -5824.16, -5824.16, -5824.16, -5824.16, -5824.16, -5824.16, -5824.16, -5824.16, -5824.16, -5824.16, -5824.16, -5824.16, -5824.16, -5824.16, -5824.16, -5824.16, -5824.16, -5824.16, -5824.16, -5824.16, -5824.16, -5824.16, -5824.16, -5824.16, -5824.16, -5824.16, -5824.16, -5824.16, -5824.16, -5824.16, -5824.16, -5824.16, -5824.16, -5824.16, -5824.16, -5824.16, -5824.16, -5824.16, -5824.16, -5824.16, -5824.16, -5824.16, -5824.16, -5824.16, -5824.16, -5824.16, -5824.16, -5824.16, -5824.16, -5824.16, -5824.16, -5824.16, -5824.16, -5824.16, -5824.16, -5824.16, -5824.16, -5824.16, -5824.16, -5824.16, -5824.16, -5824.16, -5824.16, -5824.16, -5824.16, -5824.16, -5824.16, -5824.16, -5824.16, -5824.16, -5824.16, -5824.16, -5824.16, -5824.16, -5824.16, -5824.16, -5824.16, -5824.16, -5824.16, -5824.16, -5824.16, -5824.16, -5824.16, -5824.16, -5824.16, -5824.16, -5824.16, -5824.16, -5824.16, -5824.16, -5824.16, -5824.16, -5824.16, -5824.16, -5824.16, -5824.16, -5824.16, -5824.16, -5824.16, -5824.16, -5824.16, -5824.16, -5824.16, -5824.16, -5824.16, -5824.16, -5824.16, -5824.16, -5824.16, -5824.16, -5824.16, -5824.16, -5824.16, -5824.16, -5824.16, -5824.16, -5824.16, -5824.16, -5824.16, -5824.16, -5824.16, -5824.16, -5824.16, -5824.16, -5824.16, -5824.16, -5824.16, -5824.16, -5824.16, -5824.16, -5824.16, -5824.16, -5824.16, -5824.16, -5824.16, -5824.16, -5824.16, -5824.16, -5824.16, -5824.16, -5824.16, -5824.16, -5824.16, -5824.16, -5824.16, -5824.16, -5824.16, -5824.16, -5824.16, -5824.16, -5824.16, -5824.16, -5824.16, -5824.16, -5824.16, 1246.55, 702.94, 702.94, 702.94, 702.94, 702.94, 702.94, 702.94, 702.94, 702.94, 702.94, 702.94, 702.94, 702.94, 702.94, 702.94, 702.94, 702.94, 702.94, 702.94, 702.94, 702.94, 702.94, 702.94, 702.94, 702.94, 702.94, 702.94, 702.94, 702.94, 702.94, 702.94, 702.94, 702.94, 702.94, 702.94, 702.94, 702.94, 702.94, 702.94, 702.94, 702.94, 702.94, 702.94, 702.94, 702.94, 702.94, 702.94, 702.94, 702.94, 702.94, 702.94, 702.94, 702.94, 702.94, 702.94, 702.94, 702.94, 702.94, 702.94, 702.94, 702.94, 702.94, 702.94, 702.94, 702.94, 702.94, 702.94, 702.94, 702.94, 702.94, 702.94, 702.94, 702.94, 702.94, 702.94, 702.94, 702.94, 702.94, 702.94, 702.94, 702.94, 702.94, 702.94, 702.94, 702.94, 702.94, 702.94, 702.94, 702.94, 702.94, 702.94, 702.94, 702.94, 702.94, 702.94, 702.94, 702.94, 702.94, 702.94, 702.94, 702.94, 702.94, 702.94, 702.94, 702.94, 702.94, 702.94, 702.94, 702.94, 702.94, 702.94, 702.94, 702.94, 702.94, 702.94, 702.94, 702.94, 702.94, 702.94, 702.94, 702.94, 702.94, 702.94, 702.94, 702.94, 702.94, 702.94, 702.94, 702.94, 702.94, 702.94, 702.94, 702.94, 702.94, 702.94, 702.94, 702.94, 702.94, 702.94, 702.94, 702.94, 702.94, 702.94, 702.94, 702.94, 702.94, 702.94, 702.94, 702.94, 702.94, 702.94, 702.94, 702.94, 702.94, 702.94, 702.94, 702.94, 702.94, 702.94, 702.94, 702.94, 702.94, 702.94, 702.94, 702.94, 702.94, 702.94, 702.94, 702.94, 702.94, 702.94, 702.94, 702.94, 702.94, 702.94, 702.94, 702.94, 702.94, 702.94, 702.94, 702.94, 702.94, 702.94, 702.94, 702.94, 702.94, 702.94, 702.94, 702.94, 702.94, 702.94, 702.94, 702.94, 702.94, 702.94, 702.94, 702.94, 702.94, 702.94, 702.94, 702.94, 702.94, 702.94, 702.94, 702.94, 702.94, 702.94, 702.94, 702.94, 702.94, 702.94, 702.94, 702.94, 702.94, 702.94, 702.94, 702.94, 702.94, 702.94, 702.94, 702.94, 702.94, 702.94, 702.94, 702.94, 702.94, 702.94, 702.94, 702.94, 702.94, 702.94, 702.94, 702.94, 702.94, 702.94, 702.94, 702.94, 702.94, 702.94, 702.94, 702.94, 702.94, 702.94, 702.94, 702.94, 702.94, 702.94, 702.94, 702.94, 702.94, 702.94, 702.94, 702.94, 702.94, 702.94, 702.94, 702.94, 702.94, 702.94, 702.94, 702.94, 702.94, 702.94, 702.94, 702.94, 702.94, 702.94, 702.94, 702.94, 702.94, 702.94, 702.94, 702.94, 702.94, 702.94, 702.94, 702.94, 702.94, 702.94, 702.94, 702.94, 702.94, 702.94, 702.94, 702.94, 702.94, 702.94, 702.94, 702.94, 702.94, 702.94, 702.94, 702.94, 702.94, 702.94, 702.94, 702.94, 702.94, 702.94, 702.94, 702.94, 702.94, 702.94, 702.94, 702.94, 702.94, 702.94, 702.94, 702.94, 702.94, 702.94, 702.94, 702.94, 702.94, 702.94, 702.94, 702.94, 702.94, 702.94, 702.94, 702.94, 702.94, 702.94, 702.94, 702.94, 702.94, 702.94, 702.94, 702.94, 702.94, 702.94, 702.94, 702.94, 702.94, 702.94, 702.94, 702.94, 702.94, 702.94, 702.94, 702.94, 702.94, 702.94, 702.94, 702.94, 702.94, 702.94, 702.94, 702.94, 702.94, 702.94, 702.94, 702.94, 702.94, 702.94, 702.94, 702.94, 702.94, 702.94, 702.94, 702.94, 702.94, 702.94, 702.94, 702.94, 702.94, 702.94, 702.94, 702.94, 702.94, 702.94, 702.94, 702.94, 702.94, 702.94, 702.94, 702.94, 702.94, 702.94, 702.94, 702.94, 702.94, 702.94, 702.94, 702.94, 702.94, 702.94, 702.94, 702.94, 702.94, 702.94, 702.94, 702.94, 702.94, 702.94, 702.94, 702.94, 702.94, 702.94, 702.94, 702.94, 702.94, 702.94, 702.94, 702.94, 702.94, 702.94, 702.94, 702.94, 702.94, 702.94, 702.94, 702.94, 702.94, 702.94, 702.94, 702.94, 702.94, 702.94, 702.94, 702.94, 702.94, 702.94, 702.94, 702.94, 702.94, 702.94, 702.94, 702.94, 702.94, 702.94, 702.94, 702.94, 702.94, 702.94, 702.94, 702.94, 702.94, 702.94, 702.94, 702.94, 702.94, 702.94, 702.94, 702.94, 702.94, 702.94, 702.94, 702.94, 702.94, 702.94, 702.94, 702.94, 702.94, 702.94, 702.94, 702.94, 702.94, 702.94, 702.94, 702.94, 702.94, 702.94, 702.94, 702.94, 702.94, 702.94, 702.94, 702.94, 702.94, 