{
  "total_orders": 100,
  "avg_latency_us": 0.59129,
  "max_latency_us": 5.311,
  "simulated_pnl": -2.04942,
  "win_rate": 0.5,
  "max_drawdown": 237.815,
  "sharpe_ratio": -0.0686968,
  "final_best_bid": 68439.4,
  "final_best_ask": 68451.1,
  "pnl_history": [47.2126, 94.4048, 141.564, 188.692, 235.765, 188.497, 141.126, 93.5464, 45.8044, -2.04942]
}
