{
  "strategy": "sma_crossover",
  "total_orders": 1416,
  "total_trades": 58,
  "avg_latency_us": 0.197882,
  "max_latency_us": 16.758,
  "simulated_pnl": 14652.6,
  "win_rate": 0.396552,
  "max_drawdown": 7451.32,
  "sharpe_ratio": 2.08272,
  "pnl_history": [0, 0, 0, 0, 0, 0, 0, 0, 0, 0, 0, 0, 0, 0, 0, 0, 0, 0, 0, 0, 0, 0, 0, 0, 0, 0, 0, 0, 0, 0, 0, 0, 0, 0, 0, 0, 0, 0, 0, 0, 0, 0, 0, 0, 0, 0, 0, 0, 0, 0, 0, 0, 0, 0, 0, 0, 0, 0, 0, 0, 0, 0, 0, 0, 0, 784.68, 784.68, 784.68, 784.68, 784.68, 784.68, 784.68, 784.68, 784.68, 784.68, 784.68, 784.68, 784.68, 784.68, 784.68, 784.68, 784.68, 784.68, 784.68, 784.68, 784.68, 784.68, 784.68, 784.68, 784.68, 784.68, 784.68, 784.68, 784.68, 784.68, 784.68, 784.68, 784.68, 784.68, 784.68, 784.68, 784.68, 784.68, 784.68, 784.68, 784.68, 784.68, 784.68, 784.68, 784.68, 784.68, 784.68, 784.68, 784.68, 784.68, 784.68, 784.68, 784.68, 784.68, 784.68, 784.68, 784.68, 3362.18, 3362.18, 3362.18, 3362.18, 3362.18, 3362.18, 3362.18, 3362.18, 3362.18, 3362.18, 3362.18, 3362.18, 3362.18, 3362.18, 2574.65, 2574.65, 2574.65, 2574.65, 2574.65, 2574.65, 2574.65, 2574.65, 2574.65, 2574.65, 2574.65, 2574.65, 2574.65, 2574.65, 2574.65, 2574.65, 2574.65, 2574.65, 2574.65, 2574.65, 2574.65, 2574.65, 2574.65, 2574.65, 2574.65, 2385.73, 2320.62, 2320.62, 2231.92, 2108.46, 2108.46, 2108.46, 2108.46, 2108.46, 2108.46, 2108.46, 2108.46, 2108.46, 2108.46, 2108.46, 2108.46, 2108.46, 1918.24, 1918.24, 1918.24, 1918.24, 1918.24, 1918.24, 1918.24, 1918.24, 1918.24, 1918.24, 1918.24, 1918.24, 1918.24, 1918.24, 1918.24, 1918.24, 1918.24, 1918.24, 1918.24, 1918.24, 1918.24, 1918.24, 1918.24, 1918.24, 1918.24, 1918.24, 1918.24, 1918.24, 1918.24, 1918.24, 1918.24, 1918.24, 2112.6, 2112.6, 2112.6, 2112.6, 2112.6, 1132.99, 1132.99, 1132.99, 1132.99, 1132.99, 1132.99, 1132.99, 1132.99, 1132.99, 1132.99, 1144.77, 822.03, 822.03, 822.03, 822.03, 822.03, 822.03, 822.03, 822.03, 822.03, 822.03, 822.03, 822.03, 822.03, 822.03, 822.03, 822.03, 822.03, 822.03, 822.03, 822.03, 822.03, 822.03, 822.03, 822.03, 822.03, 822.03, 822.03, 822.03, 822.03, 822.03, 822.03, 822.03, 822.03, 822.03, 822.03, 822.03, 822.03, 822.03, 822.03, 822.03, 822.03, 822.03, 822.03, 822.03, 822.03, 822.03, 822.03, 822.03, 822.03, 822.03, 822.03, 822.03, 822.03, 822.03, 822.03, 822.03, 822.03, 822.03, 822.03, 822.03, 4522.12, 4522.12, 4522.12, 4522.12, 4522.12, 4522.12, 4522.12, 4522.12, 4522.12, 4522.12, 4522.12, 4522.12, 4522.12, 4522.12, 4522.12, 4522.12, 4522.12, 4522.12, 4522.12, 4522.12, 4522.12, 4522.12, 4522.12, 4522.12, 4522.12, 4522.12, 4522.12, 4522.12, 4522.12, 4522.12, 4522.12, 4522.12, 4522.12, 4522.12, 5073.89, 5073.89, 5073.89, 5073.89, 5008.83, 5008.83, 5008.83, 5008.83, 5008.83, 5008.83, 5008.83, 4675.66, 4675.66, 4675.66, 4675.66, 4675.66, 4675.66, 4675.66, 4675.66, 4675.66, 4213.01, 4213.01, 4213.01, 4213.01, 4213.01, 4213.01, 4213.01, 4213.01, 4213.01, 4213.01, 4213.01, 4213.01, 4213.01, 4213.01, 4213.01, 4213.01, 4213.01, 4213.01, 4213.01, 4213.01, 4213.01, 3902.52, 3902.52, 2177.87, 2177.87, 2177.87, 2177.87, 2177.87, 2177.87, 2177.87, 2177.87, 2177.87, 2177.87, 2177.87, 2177.87, 2177.87, 2177.87, 2177.87, 2177.87, 2177.87, 2177.87, 2177.87, 2177.87, 2177.87, 2177.87, 2177.87, 2177.87, 2177.87, 2177.87, 2177.87, 2177.87, 2177.87, 2177.87, 2177.87, 2177.87, 2177.87, 2177.87, 2177.87, 2177.87, 2177.87, 2177.87, 2177.87, 2177.87, 2177.87, 2177.87, 2177.87, 2177.87, 2177.87, 2177.87, 2177.87, 2177.87, 2177.87, 2177.87, 2177.87, 2177.87, 2177.87, 2177.87, 2177.87, 2177.87, 2177.87, 2177.87, 2177.87, 2177.87, 2177.87, 2177.87, 2177.87, 2177.87, 2177.87, 2177.87, 2177.87, 2177.87, 2177.87, 2177.87, 2177.87, 6170.18, 6170.18, 6170.18, 6170.18, 6170.18, 6170.18, 6170.18, 6170.18, 6170.18, 6170.18, 6170.18, 6170.18, 6170.18, 6170.18, 6170.18, 6170.18, 6170.18, 6170.18, 6170.18, 6170.18, 5736.48, 5736.48, 5736.48, 5736.48, 5736.48, 5736.48, 5736.48, 5736.48, 5736.48, 5736.48, 5736.48, 5736.48, 5736.48, 5736.48, 5736.48, 5736.48, 5736.48, 5736.48, 5736.48, 5736.48, 5736.48, 5736.48, 5736.48, 5736.48, 4577.72, 4577.72, 4577.72, 4577.72, 4577.72, 4577.72, 4577.72, 4577.72, 4577.72, 4577.72, 4577.72, 3835.45, 3835.45, 4017.32, 4017.32, 4017.32, 4017.32, 4017.32, 4017.32, 4017.32, 3852.48, 3852.48, 3852.48, 3852.48, 3852.48, 3852.48, 3852.48, 3852.48, 3852.48, 3852.48, 3852.48, 3852.48, 3852.48, 3852.48, 3852.48, 3852.48, 3852.48, 3852.48, 3852.48, 3852.48, 3852.48, 3852.48, 3852.48, 3852.48, 3852.48, 3852.48, 3852.48, 3852.48, 3852.48, 3852.48, 3852.48, 3852.48, 3852.48, 3852.48, 3852.48, 3852.48, 3852.48, 3852.48, 3852.48, 3852.48, 3852.48, 3852.48, 3852.48, 3852.48, 3852.48, 3852.48, 5469.44, 5469.44, 5469.44, 5469.44, 5469.44, 5469.44, 5469.44, 5469.44, 5469.44, 5469.44, 5469.44, 5469.44, 5469.44, 5469.44, 5469.44, 5469.44, 5469.44, 5469.44, 5469.44, 5469.44, 5469.44, 5469.44, 5469.44, 5469.44, 5469.44, 5469.44, 5391.12, 5391.12, 5391.12, 5391.12, 5391.12, 5391.12, 3724.14, 3724.14, 3724.14, 3724.14, 3724.14, 3724.14, 3724.14, 3724.14, 3724.14, 3724.14, 3724.14, 3724.14, 3724.14, 3724.14, 3724.14, 3724.14, 3724.14, 3724.14, 3724.14, 3724.14, 3724.14, 3724.14, 3724.14, 3724.14, 3724.14, 3724.14, 3724.14, 3724.14, 3724.14, 2898.45, 2898.45, 2898.45, 2898.45, 2898.45, 2898.45, 2898.45, 2898.45, 2898.45, 2898.45, 2898.45, 2898.45, 2898.45, 2898.45, 2898.45, 2898.45, 2898.45, 2898.45, 2898.45, 2898.45, 2898.45, 2898.45, 2898.45, 2898.45, 2898.45, 2898.45, 2898.45, 2898.45, 2898.45, 2898.45, 2898.45, 2898.45, 2898.45, 2898.45, 2898.45, 2898.45, 2898.45, 2898.45, 2898.45, 2898.45, 2898.45, 2898.45, 2898.45, 2898.45, 2898.45, 7262.02, 7262.02, 7262.02, 7262.02, 7262.02, 7262.02, 7262.02, 7262.02, 7262.02, 7262.02, 7262.02, 7262.02, 7262.02, 7262.02, 7262.02, 5757.45, 5757.45, 5757.45, 5757.45, 5757.45, 5757.45, 5757.45, 5757.45, 5757.45, 5757.45, 5757.45, 5757.45, 5757.45, 5757.45, 5757.45, 5757.45, 5757.45, 5757.45, 5757.45, 5757.45, 5757.45, 5757.45, 5757.45, 5757.45, 5757.45, 5757.45, 5757.45, 5757.45, 5757.45, 5757.45, 5757.45, 5757.45, 5757.45, 5757.45, 5757.45, 5757.45, 5757.45, 5757.45, 5757.45, 5757.45, 5757.45, 5757.45, 5757.45, 5757.45, 5757.45, 5757.45, 5757.45, 5757.45, 5757.45, 5757.45, 9522.74, 9522.74, 9522.74, 9522.74, 9522.74, 9522.74, 9522.74, 9522.74, 9522.74, 9522.74, 9522.74, 9522.74, 9522.74, 9522.74, 9522.74, 9522.74, 9522.74, 9522.74, 9522.74, 9522.74, 9522.74, 9522.74, 9522.74, 7831.9, 7831.9, 7831.9, 7831.9, 7831.9, 7831.9, 7831.9, 7831.9, 7831.9, 7831.9, 7831.9, 7831.9, 7831.9, 7831.9, 7831.9, 7831.9, 7831.9, 7831.9, 7831.9, 7831.9, 7831.9, 7831.9, 7831.9, 7831.9, 7831.9, 7831.9, 7831.9, 7831.9, 7831.9, 7831.9, 7831.9, 7831.9, 7831.9, 7831.9, 7831.9, 7831.9, 7831.9, 7831.9, 7831.9, 7831.9, 7831.9, 7831.9, 7831.9, 7831.9, 7831.9, 7831.9, 7831.9, 7831.9, 7831.9, 7831.9, 7831.9, 7831.9, 7831.9, 7831.9, 7831.9, 7831.9, 7831.9, 7831.9, 7831.9, 7831.9, 7831.9, 7831.9, 7831.9, 7831.9, 7831.9, 7831.9, 7831.9, 7831.9, 7831.9, 7831.9, 7831.9, 7831.9, 7831.9, 16361.7, 16361.7, 16361.7, 16361.7, 16361.7, 16361.7, 16361.7, 16361.7, 16361.7, 16361.7, 16361.7, 16361.7, 16361.7, 16361.7, 16361.7, 16361.7, 16361.7, 16361.7, 16361.7, 16361.7, 16361.7, 16361.7, 16789.7, 16789.7, 16789.7, 16789.7, 16789.7, 16789.7, 16789.7, 16789.7, 16789.7, 16789.7, 16789.7, 16789.7, 16789.7, 16789.7, 16789.7, 16532.5, 16532.5, 16532.5, 16532.5, 16532.5, 16532.5, 16532.5, 16532.5, 16532.5, 16532.5, 16532.5, 16532.5, 16532.5, 16532.5, 16532.5, 16532.5, 16532.5, 16532.5, 16532.5, 16532.5, 16532.5, 16532.5, 16532.5, 16532.5, 16532.5, 16532.5, 16532.5, 16532.5, 16532.5, 16799.5, 16799.5, 16799.5, 16799.5, 16799.5, 16799.5, 16799.5, 16799.5, 16799.5, 16799.5, 16799.5, 16799.5, 16799.5, 16799.5, 16799.5, 16547.9, 16547.9, 16547.9, 16547.9, 16547.9, 16547.9, 15617.4, 15617.4, 15617.4, 15617.4, 15617.4, 15617.4, 15617.4, 15617.4, 15617.4, 15617.4, 15617.4, 15617.4, 15617.4, 15617.4, 15617.4, 15617.4, 15617.4, 15617.4, 15617.4, 15617.4, 15617.4, 15617.4, 15617.4, 15617.4, 15617.4, 15617.4, 15617.4,