{
  "total_orders": 100,
  "avg_latency_us": 0.51416,
  "max_latency_us": 6.027,
  "simulated_pnl": -0.569615,
  "win_rate": 0.5,
  "max_drawdown": 34.4763,
  "sharpe_ratio": -0.132229,
  "final_best_bid": 68300.9,
  "final_best_ask": 68325,
  "pnl_history": [6.82317, 13.6271, 20.4069, 27.1668, 33.9067, 27.0684, 20.1991, 13.2949, 6.37123, -0.569615]
}
